"10, Moreland St. - Roxbury"
"10, Roxbury St. - Roxbury"
"11, East Lenox - South End"
"11, Newcomb St. - South End"
"113, Beacon St. - Back Bay"
"119, George St. - Roxbury"
"12, Estrella St. - Jamaica Plain"
"12, Wait St. - Mission Hill"
"129, Cedar St. - Roxbury"
"132, Hemenway St. - Fenway"
"136, Hemenway St. - Fenway"
"140, Calumet St. - Mission Hill"
"15, Aberdeen - Kenmore"
"15, Ruggles St. - Roxbury"
"17, Garrison St. - Back Bay"
"18, Cobden St. - Jamaica Plain"
"2, Mark St. - Jamaica Plain"
"20, Winthrop St. - Roxbury"
"205, Highland St. - Fort Hill"
"23, Evergreen St. - Jamaica Plain"
"27, Dudley St. - Roxbury"
"2761, Washington St. - Roxbury"
"2971, Washington St. - Roxbury"
"2973, Washington St. - Roxbury"
"2975, Washington St. - Roxbury"
"30, South Huntington Ave. - Jamaica Plain"
"314, Centre St. - Jamaica Plain"
"34, Circuit St. - Roxbury"
"394, Centre St. - Jamaica Plain"
"41, Calumet - Mission Hill"
"413, Massachusetts Ave. - South End"
"423, Shawmut Ave. - South End"
"463, Park Dr. - Fenway"
"464, Beacon - Back Bay"
"464, Commonwealth - Kenmore"
"469, Massachusetts Ave. - South End"
"48, Hereford St. - Back Bay"
"5, Dalrymple St. - Jamaica Plain"
"5, Saint James Pl. - Roxbury"
"50, Evergreen St. - Jamaica Plain"
"56, Queensberry St. - Fenway"
"6 - 8, Sunset St. - Mission Hill"
"6, Saint James Pl. - Roxbury"
"65, Burrell St. - Roxbury"
"659, Massachusetts Ave. - South End"
"7, Warwick St. - South End"
"74, Mozart St. - Jamaica Plain"
"767, Tremont St. - South End"
"8, Wait St. - Mission Hill"
"36, Mozart St. - Jamaica Plain"
"822, Huntington Ave. - Mission Hill"
"838, Huntington Ave. - Mission Hill"
"840, Huntington Ave. - Mission Hill"
"848, Huntington Ave. - Mission Hill"
"88, Hammond St. - South End"
"90, Hammond St. - South End"
"90, SAINT BOTOLPH St. - Back Bay"
"93, George St. - Roxbury"
"94, Mount Pleasant - Roxbury"
"998, Tremont St. - South End"